[
  {
     "model":"store.Product",
     "pk":0,
     "fields":{
        "name":"flower_0",
        "stock":62,
        "price":1
     
}
  
},
  {
     "model":"store.Product",
     "pk":1,
     "fields":{
        "name":"flower_1",
        "stock":39,
        "price":1
     
}
  
},
  {
     "model":"store.Product",
     "pk":2,
     "fields":{
        "name":"flower_2",
        "stock":87,
        "price":1
     
}
  
},
  {
     "model":"store.Product",
     "pk":3,
     "fields":{
        "name":"flower_3",
        "stock":92,
        "price":1
     
}
  
},
  {
     "model":"store.Product",
     "pk":4,
     "fields":{
        "name":"flower_4",
        "stock":69,
        "price":1
     
}
  
},
  {
     "model":"store.Product",
     "pk":5,
     "fields":{
        "name":"flower_5",
        "stock":75,
        "price":1
     
}
  
},
  {
     "model":"store.Product",
     "pk":6,
     "fields":{
        "name":"flower_6",
        "stock":37,
        "price":1
     
}
  
},
  {
     "model":"store.Product",
     "pk":7,
     "fields":{
        "name":"flower_7",
        "stock":61,
        "price":1
     
}
  
},
  {
     "model":"store.Product",
     "pk":8,
     "fields":{
        "name":"flower_8",
        "stock":96,
        "price":1
     
}
  
},
  {
     "model":"store.Product",
     "pk":9,
     "fields":{
        "name":"flower_9",
        "stock":98,
        "price":1
     
}
  
},
  {
     "model":"store.Product",
     "pk":10,
     "fields":{
        "name":"flower_10",
        "stock":48,
        "price":1
     
}
  
},
  {
     "model":"store.Product",
     "pk":11,
     "fields":{
        "name":"flower_11",
        "stock":15,
        "price":1
     
}
  
},
  {
     "model":"store.Product",
     "pk":12,
     "fields":{
        "name":"flower_12",
        "stock":36,
        "price":1
     
}
  
},
  {
     "model":"store.Product",
     "pk":13,
     "fields":{
        "name":"flower_13",
        "stock":2,
        "price":1
     
}
  
},
  {
     "model":"store.Product",
     "pk":14,
     "fields":{
        "name":"flower_14",
        "stock":65,
        "price":1
     
}
  
},
  {
     "model":"store.Product",
     "pk":15,
     "fields":{
        "name":"flower_15",
        "stock":70,
        "price":1
     
}
  
},
  {
     "model":"store.Product",
     "pk":16,
     "fields":{
        "name":"flower_16",
        "stock":54,
        "price":1
     
}
  
},
  {
     "model":"store.Product",
     "pk":17,
     "fields":{
        "name":"flower_17",
        "stock":21,
        "price":1
     
}
  
},
  {
     "model":"store.Product",
     "pk":18,
     "fields":{
        "name":"flower_18",
        "stock":89,
        "price":1
     
}
  
},
  {
     "model":"store.Product",
     "pk":19,
     "fields":{
        "name":"flower_19",
        "stock":30,
        "price":1
     
}
  
},
  {
     "model":"store.Order",
     "pk":0,
     "fields":{
        "order_date":"2016-06-12",
        "quantity":85,
        "total":85
     
}
  
},
  {
     "model":"store.OrderItem",
     "pk":0,
     "fields":{
        "product":18,
        "order":18,
        "quantity":85,
        "total":85
     
}
  
},
  {
     "model":"store.OrderItem",
     "pk":0,
     "fields":{
        "product":18,
        "order":16,
        "quantity":85,
        "total":85
     
}
  
},
  {
     "model":"store.OrderItem",
     "pk":0,
     "fields":{
        "product":1,
        "order":20,
        "quantity":85,
        "total":85
     
}
  
},
  {
     "model":"store.Order",
     "pk":1,
     "fields":{
        "order_date":"2013-07-12",
        "quantity":5,
        "total":5
     
}
  
},
  {
     "model":"store.OrderItem",
     "pk":1,
     "fields":{
        "product":5,
        "order":1,
        "quantity":5,
        "total":5
     
}
  
},
  {
     "model":"store.OrderItem",
     "pk":1,
     "fields":{
        "product":16,
        "order":45,
        "quantity":5,
        "total":5
     
}
  
},
  {
     "model":"store.OrderItem",
     "pk":1,
     "fields":{
        "product":7,
        "order":39,
        "quantity":5,
        "total":5
     
}
  
},
  {
     "model":"store.OrderItem",
     "pk":1,
     "fields":{
        "product":3,
        "order":23,
        "quantity":5,
        "total":5
     
}
  
},
  {
     "model":"store.OrderItem",
     "pk":1,
     "fields":{
        "product":8,
        "order":41,
        "quantity":5,
        "total":5
     
}
  
},
  {
     "model":"store.Order",
     "pk":2,
     "fields":{
        "order_date":"2016-01-12",
        "quantity":67,
        "total":67
     
}
  
},
  {
     "model":"store.OrderItem",
     "pk":2,
     "fields":{
        "product":8,
        "order":19,
        "quantity":67,
        "total":67
     
}
  
},
  {
     "model":"store.OrderItem",
     "pk":2,
     "fields":{
        "product":15,
        "order":12,
        "quantity":67,
        "total":67
     
}
  
},
  {
     "model":"store.Order",
     "pk":3,
     "fields":{
        "order_date":"2016-03-12",
        "quantity":72,
        "total":72
     
}
  
},
  {
     "model":"store.OrderItem",
     "pk":3,
     "fields":{
        "product":12,
        "order":20,
        "quantity":72,
        "total":72
     
}
  
},
  {
     "model":"store.Order",
     "pk":4,
     "fields":{
        "order_date":"2015-07-12",
        "quantity":48,
        "total":48
     
}
  
},
  {
     "model":"store.OrderItem",
     "pk":4,
     "fields":{
        "product":9,
        "order":46,
        "quantity":48,
        "total":48
     
}
  
},
  {
     "model":"store.OrderItem",
     "pk":4,
     "fields":{
        "product":2,
        "order":8,
        "quantity":48,
        "total":48
     
}
  
},
  {
     "model":"store.OrderItem",
     "pk":4,
     "fields":{
        "product":9,
        "order":44,
        "quantity":48,
        "total":48
     
}
  
},
  {
     "model":"store.OrderItem",
     "pk":4,
     "fields":{
        "product":9,
        "order":47,
        "quantity":48,
        "total":48
     
}
  
},
  {
     "model":"store.Order",
     "pk":5,
     "fields":{
        "order_date":"2012-03-12",
        "quantity":67,
        "total":67
     
}
  
},
  {
     "model":"store.OrderItem",
     "pk":5,
     "fields":{
        "product":8,
        "order":42,
        "quantity":67,
        "total":67
     
}
  
},
  {
     "model":"store.Order",
     "pk":6,
     "fields":{
        "order_date":"2011-06-12",
        "quantity":37,
        "total":37
     
}
  
},
  {
     "model":"store.OrderItem",
     "pk":6,
     "fields":{
        "product":2,
        "order":45,
        "quantity":37,
        "total":37
     
}
  
},
  {
     "model":"store.OrderItem",
     "pk":6,
     "fields":{
        "product":10,
        "order":5,
        "quantity":37,
        "total":37
     
}
  
},
  {
     "model":"store.OrderItem",
     "pk":6,
     "fields":{
        "product":19,
        "order":18,
        "quantity":37,
        "total":37
     
}
  
},
  {
     "model":"store.OrderItem",
     "pk":6,
     "fields":{
        "product":1,
        "order":45,
        "quantity":37,
        "total":37
     
}
  
},
  {
     "model":"store.Order",
     "pk":7,
     "fields":{
        "order_date":"2018-02-12",
        "quantity":6,
        "total":6
     
}
  
},
  {
     "model":"store.OrderItem",
     "pk":7,
     "fields":{
        "product":5,
        "order":25,
        "quantity":6,
        "total":6
     
}
  
},
  {
     "model":"store.OrderItem",
     "pk":7,
     "fields":{
        "product":13,
        "order":22,
        "quantity":6,
        "total":6
     
}
  
},
  {
     "model":"store.OrderItem",
     "pk":7,
     "fields":{
        "product":14,
        "order":33,
        "quantity":6,
        "total":6
     
}
  
},
  {
     "model":"store.OrderItem",
     "pk":7,
     "fields":{
        "product":1,
        "order":12,
        "quantity":6,
        "total":6
     
}
  
},
  {
     "model":"store.Order",
     "pk":8,
     "fields":{
        "order_date":"2012-09-12",
        "quantity":79,
        "total":79
     
}
  
},
  {
     "model":"store.OrderItem",
     "pk":8,
     "fields":{
        "product":2,
        "order":24,
        "quantity":79,
        "total":79
     
}
  
},
  {
     "model":"store.OrderItem",
     "pk":8,
     "fields":{
        "product":11,
        "order":29,
        "quantity":79,
        "total":79
     
}
  
},
  {
     "model":"store.Order",
     "pk":9,
     "fields":{
        "order_date":"2011-02-12",
        "quantity":16,
        "total":16
     
}
  
},
  {
     "model":"store.OrderItem",
     "pk":9,
     "fields":{
        "product":9,
        "order":14,
        "quantity":16,
        "total":16
     
}
  
},
  {
     "model":"store.OrderItem",
     "pk":9,
     "fields":{
        "product":17,
        "order":19,
        "quantity":16,
        "total":16
     
}
  
},
  {
     "model":"store.OrderItem",
     "pk":9,
     "fields":{
        "product":1,
        "order":37,
        "quantity":16,
        "total":16
     
}
  
},
  {
     "model":"store.OrderItem",
     "pk":9,
     "fields":{
        "product":11,
        "order":49,
        "quantity":16,
        "total":16
     
}
  
},
  {
     "model":"store.Order",
     "pk":10,
     "fields":{
        "order_date":"2015-04-12",
        "quantity":94,
        "total":94
     
}
  
},
  {
     "model":"store.OrderItem",
     "pk":10,
     "fields":{
        "product":17,
        "order":15,
        "quantity":94,
        "total":94
     
}
  
},
  {
     "model":"store.Order",
     "pk":11,
     "fields":{
        "order_date":"2011-05-12",
        "quantity":61,
        "total":61
     
}
  
},
  {
     "model":"store.OrderItem",
     "pk":11,
     "fields":{
        "product":2,
        "order":47,
        "quantity":61,
        "total":61
     
}
  
},
  {
     "model":"store.OrderItem",
     "pk":11,
     "fields":{
        "product":1,
        "order":4,
        "quantity":61,
        "total":61
     
}
  
},
  {
     "model":"store.OrderItem",
     "pk":11,
     "fields":{
        "product":5,
        "order":23,
        "quantity":61,
        "total":61
     
}
  
},
  {
     "model":"store.Order",
     "pk":12,
     "fields":{
        "order_date":"2014-09-12",
        "quantity":72,
        "total":72
     
}
  
},
  {
     "model":"store.OrderItem",
     "pk":12,
     "fields":{
        "product":2,
        "order":28,
        "quantity":72,
        "total":72
     
}
  
},
  {
     "model":"store.OrderItem",
     "pk":12,
     "fields":{
        "product":14,
        "order":30,
        "quantity":72,
        "total":72
     
}
  
},
  {
     "model":"store.OrderItem",
     "pk":12,
     "fields":{
        "product":3,
        "order":11,
        "quantity":72,
        "total":72
     
}
  
},
  {
     "model":"store.OrderItem",
     "pk":12,
     "fields":{
        "product":18,
        "order":24,
        "quantity":72,
        "total":72
     
}
  
},
  {
     "model":"store.OrderItem",
     "pk":12,
     "fields":{
        "product":8,
        "order":33,
        "quantity":72,
        "total":72
     
}
  
},
  {
     "model":"store.Order",
     "pk":13,
     "fields":{
        "order_date":"2014-09-12",
        "quantity":74,
        "total":74
     
}
  
},
  {
     "model":"store.OrderItem",
     "pk":13,
     "fields":{
        "product":1,
        "order":10,
        "quantity":74,
        "total":74
     
}
  
},
  {
     "model":"store.OrderItem",
     "pk":13,
     "fields":{
        "product":16,
        "order":39,
        "quantity":74,
        "total":74
     
}
  
},
  {
     "model":"store.OrderItem",
     "pk":13,
     "fields":{
        "product":19,
        "order":17,
        "quantity":74,
        "total":74
     
}
  
},
  {
     "model":"store.OrderItem",
     "pk":13,
     "fields":{
        "product":15,
        "order":2,
        "quantity":74,
        "total":74
     
}
  
},
  {
     "model":"store.OrderItem",
     "pk":13,
     "fields":{
        "product":15,
        "order":21,
        "quantity":74,
        "total":74
     
}
  
},
  {
     "model":"store.Order",
     "pk":14,
     "fields":{
        "order_date":"2016-07-12",
        "quantity":43,
        "total":43
     
}
  
},
  {
     "model":"store.OrderItem",
     "pk":14,
     "fields":{
        "product":5,
        "order":31,
        "quantity":43,
        "total":43
     
}
  
},
  {
     "model":"store.OrderItem",
     "pk":14,
     "fields":{
        "product":11,
        "order":1,
        "quantity":43,
        "total":43
     
}
  
},
  {
     "model":"store.Order",
     "pk":15,
     "fields":{
        "order_date":"2015-02-12",
        "quantity":91,
        "total":91
     
}
  
},
  {
     "model":"store.OrderItem",
     "pk":15,
     "fields":{
        "product":9,
        "order":3,
        "quantity":91,
        "total":91
     
}
  
},
  {
     "model":"store.OrderItem",
     "pk":15,
     "fields":{
        "product":16,
        "order":16,
        "quantity":91,
        "total":91
     
}
  
},
  {
     "model":"store.OrderItem",
     "pk":15,
     "fields":{
        "product":18,
        "order":28,
        "quantity":91,
        "total":91
     
}
  
},
  {
     "model":"store.Order",
     "pk":16,
     "fields":{
        "order_date":"2014-02-12",
        "quantity":10,
        "total":10
     
}
  
},
  {
     "model":"store.OrderItem",
     "pk":16,
     "fields":{
        "product":16,
        "order":24,
        "quantity":10,
        "total":10
     
}
  
},
  {
     "model":"store.OrderItem",
     "pk":16,
     "fields":{
        "product":17,
        "order":23,
        "quantity":10,
        "total":10
     
}
  
},
  {
     "model":"store.OrderItem",
     "pk":16,
     "fields":{
        "product":17,
        "order":42,
        "quantity":10,
        "total":10
     
}
  
},
  {
     "model":"store.Order",
     "pk":17,
     "fields":{
        "order_date":"2015-05-12",
        "quantity":4,
        "total":4
     
}
  
},
  {
     "model":"store.OrderItem",
     "pk":17,
     "fields":{
        "product":8,
        "order":28,
        "quantity":4,
        "total":4
     
}
  
},
  {
     "model":"store.OrderItem",
     "pk":17,
     "fields":{
        "product":6,
        "order":49,
        "quantity":4,
        "total":4
     
}
  
},
  {
     "model":"store.OrderItem",
     "pk":17,
     "fields":{
        "product":6,
        "order":14,
        "quantity":4,
        "total":4
     
}
  
},
  {
     "model":"store.OrderItem",
     "pk":17,
     "fields":{
        "product":9,
        "order":24,
        "quantity":4,
        "total":4
     
}
  
},
  {
     "model":"store.Order",
     "pk":18,
     "fields":{
        "order_date":"2012-09-12",
        "quantity":90,
        "total":90
     
}
  
},
  {
     "model":"store.OrderItem",
     "pk":18,
     "fields":{
        "product":16,
        "order":42,
        "quantity":90,
        "total":90
     
}
  
},
  {
     "model":"store.OrderItem",
     "pk":18,
     "fields":{
        "product":9,
        "order":45,
        "quantity":90,
        "total":90
     
}
  
},
  {
     "model":"store.Order",
     "pk":19,
     "fields":{
        "order_date":"2017-04-12",
        "quantity":97,
        "total":97
     
}
  
},
  {
     "model":"store.OrderItem",
     "pk":19,
     "fields":{
        "product":18,
        "order":31,
        "quantity":97,
        "total":97
     
}
  
},
  {
     "model":"store.OrderItem",
     "pk":19,
     "fields":{
        "product":13,
        "order":39,
        "quantity":97,
        "total":97
     
}
  
},
  {
     "model":"store.OrderItem",
     "pk":19,
     "fields":{
        "product":4,
        "order":20,
        "quantity":97,
        "total":97
     
}
  
},
  {
     "model":"store.OrderItem",
     "pk":19,
     "fields":{
        "product":18,
        "order":48,
        "quantity":97,
        "total":97
     
}
  
},
  {
     "model":"store.OrderItem",
     "pk":19,
     "fields":{
        "product":13,
        "order":48,
        "quantity":97,
        "total":97
     
}
  
},
  {
     "model":"store.Order",
     "pk":20,
     "fields":{
        "order_date":"2019-08-12",
        "quantity":91,
        "total":91
     
}
  
},
  {
     "model":"store.OrderItem",
     "pk":20,
     "fields":{
        "product":15,
        "order":17,
        "quantity":91,
        "total":91
     
}
  
},
  {
     "model":"store.OrderItem",
     "pk":20,
     "fields":{
        "product":4,
        "order":19,
        "quantity":91,
        "total":91
     
}
  
},
  {
     "model":"store.OrderItem",
     "pk":20,
     "fields":{
        "product":14,
        "order":41,
        "quantity":91,
        "total":91
     
}
  
},
  {
     "model":"store.Order",
     "pk":21,
     "fields":{
        "order_date":"2016-03-12",
        "quantity":2,
        "total":2
     
}
  
},
  {
     "model":"store.OrderItem",
     "pk":21,
     "fields":{
        "product":9,
        "order":34,
        "quantity":2,
        "total":2
     
}
  
},
  {
     "model":"store.OrderItem",
     "pk":21,
     "fields":{
        "product":15,
        "order":10,
        "quantity":2,
        "total":2
     
}
  
},
  {
     "model":"store.Order",
     "pk":22,
     "fields":{
        "order_date":"2014-07-12",
        "quantity":69,
        "total":69
     
}
  
},
  {
     "model":"store.OrderItem",
     "pk":22,
     "fields":{
        "product":13,
        "order":45,
        "quantity":69,
        "total":69
     
}
  
},
  {
     "model":"store.OrderItem",
     "pk":22,
     "fields":{
        "product":4,
        "order":16,
        "quantity":69,
        "total":69
     
}
  
},
  {
     "model":"store.Order",
     "pk":23,
     "fields":{
        "order_date":"2015-02-12",
        "quantity":50,
        "total":50
     
}
  
},
  {
     "model":"store.OrderItem",
     "pk":23,
     "fields":{
        "product":19,
        "order":5,
        "quantity":50,
        "total":50
     
}
  
},
  {
     "model":"store.OrderItem",
     "pk":23,
     "fields":{
        "product":14,
        "order":8,
        "quantity":50,
        "total":50
     
}
  
},
  {
     "model":"store.OrderItem",
     "pk":23,
     "fields":{
        "product":14,
        "order":36,
        "quantity":50,
        "total":50
     
}
  
},
  {
     "model":"store.OrderItem",
     "pk":23,
     "fields":{
        "product":5,
        "order":45,
        "quantity":50,
        "total":50
     
}
  
},
  {
     "model":"store.OrderItem",
     "pk":23,
     "fields":{
        "product":10,
        "order":36,
        "quantity":50,
        "total":50
     
}
  
},
  {
     "model":"store.Order",
     "pk":24,
     "fields":{
        "order_date":"2014-01-12",
        "quantity":51,
        "total":51
     
}
  
},
  {
     "model":"store.OrderItem",
     "pk":24,
     "fields":{
        "product":9,
        "order":22,
        "quantity":51,
        "total":51
     
}
  
},
  {
     "model":"store.OrderItem",
     "pk":24,
     "fields":{
        "product":12,
        "order":14,
        "quantity":51,
        "total":51
     
}
  
},
  {
     "model":"store.Order",
     "pk":25,
     "fields":{
        "order_date":"2013-03-12",
        "quantity":75,
        "total":75
     
}
  
},
  {
     "model":"store.OrderItem",
     "pk":25,
     "fields":{
        "product":1,
        "order":41,
        "quantity":75,
        "total":75
     
}
  
},
  {
     "model":"store.OrderItem",
     "pk":25,
     "fields":{
        "product":4,
        "order":19,
        "quantity":75,
        "total":75
     
}
  
},
  {
     "model":"store.Order",
     "pk":26,
     "fields":{
        "order_date":"2016-07-12",
        "quantity":71,
        "total":71
     
}
  
},
  {
     "model":"store.OrderItem",
     "pk":26,
     "fields":{
        "product":10,
        "order":32,
        "quantity":71,
        "total":71
     
}
  
},
  {
     "model":"store.OrderItem",
     "pk":26,
     "fields":{
        "product":16,
        "order":15,
        "quantity":71,
        "total":71
     
}
  
},
  {
     "model":"store.OrderItem",
     "pk":26,
     "fields":{
        "product":17,
        "order":16,
        "quantity":71,
        "total":71
     
}
  
},
  {
     "model":"store.Order",
     "pk":27,
     "fields":{
        "order_date":"2017-09-12",
        "quantity":93,
        "total":93
     
}
  
},
  {
     "model":"store.OrderItem",
     "pk":27,
     "fields":{
        "product":4,
        "order":1,
        "quantity":93,
        "total":93
     
}
  
},
  {
     "model":"store.OrderItem",
     "pk":27,
     "fields":{
        "product":5,
        "order":49,
        "quantity":93,
        "total":93
     
}
  
},
  {
     "model":"store.OrderItem",
     "pk":27,
     "fields":{
        "product":3,
        "order":41,
        "quantity":93,
        "total":93
     
}
  
},
  {
     "model":"store.Order",
     "pk":28,
     "fields":{
        "order_date":"2014-06-12",
        "quantity":7,
        "total":7
     
}
  
},
  {
     "model":"store.OrderItem",
     "pk":28,
     "fields":{
        "product":2,
        "order":37,
        "quantity":7,
        "total":7
     
}
  
},
  {
     "model":"store.OrderItem",
     "pk":28,
     "fields":{
        "product":4,
        "order":41,
        "quantity":7,
        "total":7
     
}
  
},
  {
     "model":"store.Order",
     "pk":29,
     "fields":{
        "order_date":"2012-04-12",
        "quantity":88,
        "total":88
     
}
  
},
  {
     "model":"store.OrderItem",
     "pk":29,
     "fields":{
        "product":16,
        "order":23,
        "quantity":88,
        "total":88
     
}
  
},
  {
     "model":"store.OrderItem",
     "pk":29,
     "fields":{
        "product":11,
        "order":6,
        "quantity":88,
        "total":88
     
}
  
},
  {
     "model":"store.OrderItem",
     "pk":29,
     "fields":{
        "product":18,
        "order":36,
        "quantity":88,
        "total":88
     
}
  
},
  {
     "model":"store.Order",
     "pk":30,
     "fields":{
        "order_date":"2011-05-12",
        "quantity":42,
        "total":42
     
}
  
},
  {
     "model":"store.OrderItem",
     "pk":30,
     "fields":{
        "product":15,
        "order":37,
        "quantity":42,
        "total":42
     
}
  
},
  {
     "model":"store.OrderItem",
     "pk":30,
     "fields":{
        "product":9,
        "order":41,
        "quantity":42,
        "total":42
     
}
  
},
  {
     "model":"store.OrderItem",
     "pk":30,
     "fields":{
        "product":15,
        "order":11,
        "quantity":42,
        "total":42
     
}
  
},
  {
     "model":"store.OrderItem",
     "pk":30,
     "fields":{
        "product":17,
        "order":7,
        "quantity":42,
        "total":42
     
}
  
},
  {
     "model":"store.Order",
     "pk":31,
     "fields":{
        "order_date":"2015-01-12",
        "quantity":28,
        "total":28
     
}
  
},
  {
     "model":"store.OrderItem",
     "pk":31,
     "fields":{
        "product":1,
        "order":5,
        "quantity":28,
        "total":28
     
}
  
},
  {
     "model":"store.Order",
     "pk":32,
     "fields":{
        "order_date":"2018-04-12",
        "quantity":71,
        "total":71
     
}
  
},
  {
     "model":"store.OrderItem",
     "pk":32,
     "fields":{
        "product":7,
        "order":15,
        "quantity":71,
        "total":71
     
}
  
},
  {
     "model":"store.OrderItem",
     "pk":32,
     "fields":{
        "product":4,
        "order":21,
        "quantity":71,
        "total":71
     
}
  
},
  {
     "model":"store.Order",
     "pk":33,
     "fields":{
        "order_date":"2013-09-12",
        "quantity":53,
        "total":53
     
}
  
},
  {
     "model":"store.OrderItem",
     "pk":33,
     "fields":{
        "product":9,
        "order":37,
        "quantity":53,
        "total":53
     
}
  
},
  {
     "model":"store.OrderItem",
     "pk":33,
     "fields":{
        "product":3,
        "order":11,
        "quantity":53,
        "total":53
     
}
  
},
  {
     "model":"store.OrderItem",
     "pk":33,
     "fields":{
        "product":8,
        "order":1,
        "quantity":53,
        "total":53
     
}
  
},
  {
     "model":"store.OrderItem",
     "pk":33,
     "fields":{
        "product":13,
        "order":20,
        "quantity":53,
        "total":53
     
}
  
},
  {
     "model":"store.Order",
     "pk":34,
     "fields":{
        "order_date":"2015-02-12",
        "quantity":50,
        "total":50
     
}
  
},
  {
     "model":"store.OrderItem",
     "pk":34,
     "fields":{
        "product":14,
        "order":9,
        "quantity":50,
        "total":50
     
}
  
},
  {
     "model":"store.Order",
     "pk":35,
     "fields":{
        "order_date":"2011-09-12",
        "quantity":73,
        "total":73
     
}
  
},
  {
     "model":"store.OrderItem",
     "pk":35,
     "fields":{
        "product":10,
        "order":20,
        "quantity":73,
        "total":73
     
}
  
},
  {
     "model":"store.OrderItem",
     "pk":35,
     "fields":{
        "product":15,
        "order":7,
        "quantity":73,
        "total":73
     
}
  
},
  {
     "model":"store.OrderItem",
     "pk":35,
     "fields":{
        "product":2,
        "order":45,
        "quantity":73,
        "total":73
     
}
  
},
  {
     "model":"store.OrderItem",
     "pk":35,
     "fields":{
        "product":12,
        "order":21,
        "quantity":73,
        "total":73
     
}
  
},
  {
     "model":"store.OrderItem",
     "pk":35,
     "fields":{
        "product":18,
        "order":30,
        "quantity":73,
        "total":73
     
}
  
},
  {
     "model":"store.Order",
     "pk":36,
     "fields":{
        "order_date":"2018-06-12",
        "quantity":31,
        "total":31
     
}
  
},
  {
     "model":"store.OrderItem",
     "pk":36,
     "fields":{
        "product":6,
        "order":36,
        "quantity":31,
        "total":31
     
}
  
},
  {
     "model":"store.OrderItem",
     "pk":36,
     "fields":{
        "product":7,
        "order":18,
        "quantity":31,
        "total":31
     
}
  
},
  {
     "model":"store.Order",
     "pk":37,
     "fields":{
        "order_date":"2016-02-12",
        "quantity":16,
        "total":16
     
}
  
},
  {
     "model":"store.OrderItem",
     "pk":37,
     "fields":{
        "product":4,
        "order":24,
        "quantity":16,
        "total":16
     
}
  
},
  {
     "model":"store.OrderItem",
     "pk":37,
     "fields":{
        "product":7,
        "order":13,
        "quantity":16,
        "total":16
     
}
  
},
  {
     "model":"store.OrderItem",
     "pk":37,
     "fields":{
        "product":5,
        "order":3,
        "quantity":16,
        "total":16
     
}
  
},
  {
     "model":"store.Order",
     "pk":38,
     "fields":{
        "order_date":"2017-05-12",
        "quantity":13,
        "total":13
     
}
  
},
  {
     "model":"store.OrderItem",
     "pk":38,
     "fields":{
        "product":18,
        "order":22,
        "quantity":13,
        "total":13
     
}
  
},
  {
     "model":"store.OrderItem",
     "pk":38,
     "fields":{
        "product":10,
        "order":46,
        "quantity":13,
        "total":13
     
}
  
},
  {
     "model":"store.OrderItem",
     "pk":38,
     "fields":{
        "product":16,
        "order":27,
        "quantity":13,
        "total":13
     
}
  
},
  {
     "model":"store.Order",
     "pk":39,
     "fields":{
        "order_date":"2016-07-12",
        "quantity":40,
        "total":40
     
}
  
},
  {
     "model":"store.OrderItem",
     "pk":39,
     "fields":{
        "product":11,
        "order":48,
        "quantity":40,
        "total":40
     
}
  
},
  {
     "model":"store.OrderItem",
     "pk":39,
     "fields":{
        "product":14,
        "order":33,
        "quantity":40,
        "total":40
     
}
  
},
  {
     "model":"store.OrderItem",
     "pk":39,
     "fields":{
        "product":13,
        "order":30,
        "quantity":40,
        "total":40
     
}
  
},
  {
     "model":"store.OrderItem",
     "pk":39,
     "fields":{
        "product":8,
        "order":28,
        "quantity":40,
        "total":40
     
}
  
},
  {
     "model":"store.Order",
     "pk":40,
     "fields":{
        "order_date":"2018-01-12",
        "quantity":70,
        "total":70
     
}
  
},
  {
     "model":"store.OrderItem",
     "pk":40,
     "fields":{
        "product":18,
        "order":5,
        "quantity":70,
        "total":70
     
}
  
},
  {
     "model":"store.OrderItem",
     "pk":40,
     "fields":{
        "product":8,
        "order":27,
        "quantity":70,
        "total":70
     
}
  
},
  {
     "model":"store.Order",
     "pk":41,
     "fields":{
        "order_date":"2013-03-12",
        "quantity":34,
        "total":34
     
}
  
},
  {
     "model":"store.OrderItem",
     "pk":41,
     "fields":{
        "product":6,
        "order":18,
        "quantity":34,
        "total":34
     
}
  
},
  {
     "model":"store.OrderItem",
     "pk":41,
     "fields":{
        "product":19,
        "order":10,
        "quantity":34,
        "total":34
     
}
  
},
  {
     "model":"store.OrderItem",
     "pk":41,
     "fields":{
        "product":13,
        "order":15,
        "quantity":34,
        "total":34
     
}
  
},
  {
     "model":"store.OrderItem",
     "pk":41,
     "fields":{
        "product":10,
        "order":7,
        "quantity":34,
        "total":34
     
}
  
},
  {
     "model":"store.OrderItem",
     "pk":41,
     "fields":{
        "product":11,
        "order":3,
        "quantity":34,
        "total":34
     
}
  
},
  {
     "model":"store.Order",
     "pk":42,
     "fields":{
        "order_date":"2012-07-12",
        "quantity":61,
        "total":61
     
}
  
},
  {
     "model":"store.OrderItem",
     "pk":42,
     "fields":{
        "product":1,
        "order":3,
        "quantity":61,
        "total":61
     
}
  
},
  {
     "model":"store.OrderItem",
     "pk":42,
     "fields":{
        "product":7,
        "order":40,
        "quantity":61,
        "total":61
     
}
  
},
  {
     "model":"store.OrderItem",
     "pk":42,
     "fields":{
        "product":5,
        "order":5,
        "quantity":61,
        "total":61
     
}
  
},
  {
     "model":"store.OrderItem",
     "pk":42,
     "fields":{
        "product":10,
        "order":20,
        "quantity":61,
        "total":61
     
}
  
},
  {
     "model":"store.OrderItem",
     "pk":42,
     "fields":{
        "product":5,
        "order":42,
        "quantity":61,
        "total":61
     
}
  
},
  {
     "model":"store.Order",
     "pk":43,
     "fields":{
        "order_date":"2019-04-12",
        "quantity":31,
        "total":31
     
}
  
},
  {
     "model":"store.OrderItem",
     "pk":43,
     "fields":{
        "product":14,
        "order":49,
        "quantity":31,
        "total":31
     
}
  
},
  {
     "model":"store.OrderItem",
     "pk":43,
     "fields":{
        "product":10,
        "order":32,
        "quantity":31,
        "total":31
     
}
  
},
  {
     "model":"store.Order",
     "pk":44,
     "fields":{
        "order_date":"2011-04-12",
        "quantity":87,
        "total":87
     
}
  
},
  {
     "model":"store.OrderItem",
     "pk":44,
     "fields":{
        "product":11,
        "order":43,
        "quantity":87,
        "total":87
     
}
  
},
  {
     "model":"store.OrderItem",
     "pk":44,
     "fields":{
        "product":2,
        "order":2,
        "quantity":87,
        "total":87
     
}
  
},
  {
     "model":"store.OrderItem",
     "pk":44,
     "fields":{
        "product":1,
        "order":9,
        "quantity":87,
        "total":87
     
}
  
},
  {
     "model":"store.OrderItem",
     "pk":44,
     "fields":{
        "product":15,
        "order":39,
        "quantity":87,
        "total":87
     
}
  
},
  {
     "model":"store.OrderItem",
     "pk":44,
     "fields":{
        "product":7,
        "order":12,
        "quantity":87,
        "total":87
     
}
  
},
  {
     "model":"store.Order",
     "pk":45,
     "fields":{
        "order_date":"2019-03-12",
        "quantity":84,
        "total":84
     
}
  
},
  {
     "model":"store.OrderItem",
     "pk":45,
     "fields":{
        "product":13,
        "order":4,
        "quantity":84,
        "total":84
     
}
  
},
  {
     "model":"store.Order",
     "pk":46,
     "fields":{
        "order_date":"2013-01-12",
        "quantity":14,
        "total":14
     
}
  
},
  {
     "model":"store.OrderItem",
     "pk":46,
     "fields":{
        "product":8,
        "order":21,
        "quantity":14,
        "total":14
     
}
  
},
  {
     "model":"store.OrderItem",
     "pk":46,
     "fields":{
        "product":3,
        "order":38,
        "quantity":14,
        "total":14
     
}
  
},
  {
     "model":"store.Order",
     "pk":47,
     "fields":{
        "order_date":"2011-07-12",
        "quantity":16,
        "total":16
     
}
  
},
  {
     "model":"store.OrderItem",
     "pk":47,
     "fields":{
        "product":16,
        "order":30,
        "quantity":16,
        "total":16
     
}
  
},
  {
     "model":"store.OrderItem",
     "pk":47,
     "fields":{
        "product":10,
        "order":25,
        "quantity":16,
        "total":16
     
}
  
},
  {
     "model":"store.OrderItem",
     "pk":47,
     "fields":{
        "product":3,
        "order":23,
        "quantity":16,
        "total":16
     
}
  
},
  {
     "model":"store.OrderItem",
     "pk":47,
     "fields":{
        "product":14,
        "order":4,
        "quantity":16,
        "total":16
     
}
  
},
  {
     "model":"store.OrderItem",
     "pk":47,
     "fields":{
        "product":19,
        "order":35,
        "quantity":16,
        "total":16
     
}
  
},
  {
     "model":"store.Order",
     "pk":48,
     "fields":{
        "order_date":"2018-04-12",
        "quantity":31,
        "total":31
     
}
  
},
  {
     "model":"store.OrderItem",
     "pk":48,
     "fields":{
        "product":5,
        "order":33,
        "quantity":31,
        "total":31
     
}
  
},
  {
     "model":"store.OrderItem",
     "pk":48,
     "fields":{
        "product":5,
        "order":28,
        "quantity":31,
        "total":31
     
}
  
},
  {
     "model":"store.OrderItem",
     "pk":48,
     "fields":{
        "product":4,
        "order":13,
        "quantity":31,
        "total":31
     
}
  
},
  {
     "model":"store.OrderItem",
     "pk":48,
     "fields":{
        "product":8,
        "order":41,
        "quantity":31,
        "total":31
     
}
  
},
  {
     "model":"store.OrderItem",
     "pk":48,
     "fields":{
        "product":17,
        "order":38,
        "quantity":31,
        "total":31
     
}
  
},
  {
     "model":"store.Order",
     "pk":49,
     "fields":{
        "order_date":"2012-07-12",
        "quantity":14,
        "total":14
     
}
  
},
  {
     "model":"store.OrderItem",
     "pk":49,
     "fields":{
        "product":8,
        "order":20,
        "quantity":14,
        "total":14
     
}
  
},
  {
     "model":"store.OrderItem",
     "pk":49,
     "fields":{
        "product":15,
        "order":7,
        "quantity":14,
        "total":14
     
}
  
},
  {
     "model":"store.OrderItem",
     "pk":49,
     "fields":{
        "product":17,
        "order":21,
        "quantity":14,
        "total":14
     
}
  
},
  {
     "model":"store.OrderItem",
     "pk":49,
     "fields":{
        "product":9,
        "order":48,
        "quantity":14,
        "total":14
     
}
  
}
]